learning_step,id,method,server_round,selected,accuracy,loss,train_time,battery_level,charge_speed,util_value,power_value,rewards,power_consumption,cpu,ram,elapsed_time
training,1.9kW,Proposed,1,1,0.0,0.0,23,50.01213888888889,1.9,0.0,1.4736842105263157,0.0,0.0,0.0,0.0,30
training,2.8kW,Proposed,1,1,0.0,0.0,3,50.00233333333333,2.8,0.0,1.0,0.0,0.0,0.0,0.0,30
evaluation,1.9kW,Proposed,1,0,0.8887851022224238,0.0212990585714578,0,50.142500000000005,1.9,134.12067031658106,131.57894736842104,134.12067031658106,0.0,52.5,13.5,277
evaluation,2.8kW,Proposed,1,0,0.8330903477091544,0.0256566274911165,0,50.19444444444444,2.8,146.72200665267042,89.2857142857143,146.72200665267042,0.0,7.9,13.5,277
evaluation,7.7kW,Proposed,1,0,0.0,0.0,0,50.48338888888889,7.7,0.0,32.467532467532465,0.0,0.0,0.0,0.0,277
evaluation,11.5kW,Proposed,1,0,0.0,0.0,0,50.65805555555556,11.5,0.0,21.73913043478261,0.0,0.0,0.0,0.0,277
evaluation,120.0kW,Proposed,1,0,0.0,0.0,0,56.2,120.0,0.0,2.083333333333333,0.0,0.0,0.0,0.0,277
evaluation,250.0kW,Proposed,1,0,0.0,0.0,0,61.458333333333336,250.0,0.0,1.0,0.0,0.0,0.0,0.0,277
training,1.9kW,Proposed,2,1,0.0,0.0616736114025116,262,50.26030326847661,1.9,228.2260434738257,131.57894736842104,228.2260434738257,0.2813291354359378,18.5,14.2,292
training,2.8kW,Proposed,2,1,0.0002240041794721,0.0680073872208595,262,50.37942737743165,2.8,238.87655031832972,89.2857142857143,238.87655031832972,0.2582497757483456,23.1,14.2,292
training,7.7kW,Proposed,2,1,5.592665183939971e-05,0.0609248653054237,241,50.983623249708,7.7,230.5388726405554,32.467532467532465,230.5388726405554,0.2276195064365,13.2,14.3,292
training,11.5kW,Proposed,2,1,0.0,0.0677779167890548,221,51.348827196241785,11.5,243.15935593440108,21.73913043478261,243.15935593440108,0.2476112829392589,1.6,14.3,292
training,120.0kW,Proposed,2,0,0.0,0.0,0,62.900000000000006,120.0,0.0,2.083333333333333,0.0,0.0,0.0,0.0,292
training,250.0kW,Proposed,2,0,0.0,0.0,0,73.95833333333334,250.0,0.0,1.0,0.0,0.0,0.0,0.0,292
evaluation,1.9kW,Proposed,2,0,0.9284882199657164,0.007379837334156,0,50.57433104625439,1.9,78.94759526909073,131.57894736842104,78.94759526909073,0.0,88.5,15.4,887
evaluation,2.8kW,Proposed,2,0,0.89538105559385,0.0095504950731992,0,50.84220515520943,2.8,89.51759711999809,89.2857142857143,89.51759711999809,0.0,88.3,15.4,887
evaluation,7.7kW,Proposed,2,0,0.93046815097598,0.0071720159612596,0,52.256262138596895,7.7,79.09836380040097,32.467532467532465,79.09836380040097,0.0,84.6,15.4,887
evaluation,11.5kW,Proposed,2,0,0.933133930378862,0.0077467476949095,0,53.24952164068623,11.5,82.2065802240948,21.73913043478261,82.2065802240948,0.0,71.1,15.4,887
evaluation,120.0kW,Proposed,2,0,0.8422987653185241,0.0160103309899568,0,82.73333333333333,120.0,117.42163720224224,2.083333333333333,117.42163720224224,0.0,6.8,15.4,887
evaluation,250.0kW,Proposed,2,0,0.9309880987124004,0.0077452543191611,0,100.0,250.0,81.054563529388,1.0,81.054563529388,0.0,50.6,15.4,887
training,1.9kW,Proposed,3,0,0.0,0.0,0,50.89258104625439,1.9,0.0,131.57894736842104,0.0,0.0,88.5,15.4,895
training,2.8kW,Proposed,3,1,0.6287932991981506,0.0228085443377494,603,51.26413532409741,2.8,138.3388809332168,89.2857142857143,138.3388809332168,0.2810139170866682,11.2,15.5,895
training,7.7kW,Proposed,3,0,0.0,0.0,0,53.54601213859689,7.7,0.0,32.467532467532465,0.0,0.0,84.6,15.4,895
training,11.5kW,Proposed,3,1,0.8094901442527771,0.0094917984679341,603,55.13574055486774,11.5,90.99575453994076,21.73913043478261,90.99575453994076,0.2389915571253422,65.9,15.5,895
training,120.0kW,Proposed,3,1,0.2577010095119476,0.0518880598247051,603,100.0,120.0,211.3886631588337,2.083333333333333,211.3886631588337,0.2958340333587022,56.8,15.5,895
training,250.0kW,Proposed,3,1,0.8543907999992371,0.0082797976210713,603,100.0,250.0,83.80491521322108,1.0,83.80491521322108,0.2825254667318653,9.6,15.5,895
evaluation,1.9kW,Proposed,3,0,0.9354740947446312,0.0057329125702381,0,51.20396993514328,1.9,69.58300347953421,131.57894736842104,69.58300347953421,0.0,15.8,15.4,1485
evaluation,2.8kW,Proposed,3,0,0.9148899383811644,0.0079220999032258,0,51.723024212986296,2.8,81.5296599796731,89.2857142857143,81.5296599796731,0.0,8.2,15.4,1485
evaluation,7.7kW,Proposed,3,0,0.9281269249051628,0.0061948914080858,0,54.80795658304134,7.7,73.51292872136244,32.467532467532465,73.51292872136244,0.0,71.8,15.4,1485
evaluation,11.5kW,Proposed,3,0,0.9371779848880858,0.0063823624514043,0,57.02046277708996,11.5,74.61696977670212,21.73913043478261,74.61696977670212,0.0,72.6,15.4,1485
evaluation,120.0kW,Proposed,3,0,0.8651356523746853,0.0134607655927538,0,100.0,120.0,107.66706068352644,2.083333333333333,107.66706068352644,0.0,90.5,15.4,1485
evaluation,250.0kW,Proposed,3,0,0.9426488974773742,0.0062583461403846,0,100.0,250.0,72.86004246818716,1.0,72.86004246818716,0.0,79.6,15.4,1485
training,1.9kW,Proposed,4,0,0.0,0.0,0,51.51905326847662,1.9,0.0,131.57894736842104,0.0,0.0,15.8,15.4,1492
training,2.8kW,Proposed,4,1,0.7014108300209045,0.0186024103313684,597,52.14853774133938,2.8,124.9338385026118,89.2857142857143,124.9338385026118,0.2340892762628142,8.0,15.4,1492
training,7.7kW,Proposed,4,1,0.9061087965965272,0.006573190446943,597,56.04304621258056,7.7,75.72425057756232,32.467532467532465,75.72425057756232,0.2522233394620045,54.9,15.4,1492
training,11.5kW,Proposed,4,1,0.8707097172737122,0.0066692531108856,597,58.886716246932274,11.5,76.27557254324438,21.73913043478261,76.27557254324438,0.2462102321066676,51.4,15.4,1492
training,120.0kW,Proposed,4,1,0.3832407593727112,0.0413713976740837,597,100.0,120.0,188.75482969862813,2.083333333333333,188.75482969862813,0.2606046866962069,56.2,15.4,1492
training,250.0kW,Proposed,4,0,0.0,0.0,0,100.0,250.0,0.0,1.0,0.0,0.0,79.6,15.4,1492
evaluation,1.9kW,Proposed,4,0,0.9404556513505332,0.0052727786824107,0,51.82991437958773,1.9,66.73217542381994,131.57894736842104,66.73217542381994,0.0,82.9,15.4,2081
evaluation,2.8kW,Proposed,4,0,0.9298212014465976,0.0067132241092622,0,52.60664885245049,2.8,75.05178857443124,89.2857142857143,75.05178857443124,0.0,17.2,15.4,2081
evaluation,7.7kW,Proposed,4,0,0.9483462343817992,0.0050877020694315,0,57.30285176813612,7.7,66.62047302804915,32.467532467532465,66.62047302804915,0.0,10.3,15.4,2081
evaluation,11.5kW,Proposed,4,0,0.941893784315079,0.005355988163501,0,60.76824402471005,11.5,68.35443226564828,21.73913043478261,68.35443226564828,0.0,76.4,15.4,2081
evaluation,120.0kW,Proposed,4,0,0.8853920952835727,0.0117330057546496,0,100.0,120.0,100.52003197279733,2.083333333333333,100.52003197279733,0.0,85.2,15.4,2081
evaluation,250.0kW,Proposed,4,0,0.9468347819633296,0.0055962824262678,0,100.0,250.0,68.89844846975785,1.0,68.89844846975785,0.0,87.9,15.4,2081
training,1.9kW,Proposed,5,0,0.0,0.0,0,52.14499771292106,1.9,0.0,131.57894736842104,0.0,0.0,82.9,15.4,2089
training,2.8kW,Proposed,5,1,0.7689980864524841,0.014811648055911,597,53.03090987190192,2.8,111.48005279511,89.2857142857143,111.48005279511,0.2416420937602671,7.7,15.4,2089
training,7.7kW,Proposed,5,0,0.0,0.0,0,58.57976843480278,7.7,0.0,32.467532467532465,0.0,0.0,10.3,15.4,2089
training,11.5kW,Proposed,5,1,0.8926021456718445,0.0058498764410614,597,62.63142457439922,11.5,71.43650896158519,21.73913043478261,71.43650896158519,0.2647404038844212,75.1,15.4,2089
training,120.0kW,Proposed,5,1,0.4289442300796509,0.0372919030487537,597,100.0,120.0,179.20711547016748,2.083333333333333,179.20711547016748,0.2273353256747609,53.7,15.4,2089
training,250.0kW,Proposed,5,1,0.9162840843200684,0.0053748348727822,597,100.0,250.0,67.52151736538265,1.0,67.52151736538265,0.2616198648769328,28.9,15.4,2089
evaluation,1.9kW,Proposed,5,0,0.9470968926376674,0.0048011820763349,0,52.45585882403217,1.9,63.67802710175249,131.57894736842104,63.67802710175249,0.0,66.5,15.5,2678
evaluation,2.8kW,Proposed,5,0,0.9288173019895214,0.0060777855105698,0,53.48902098301303,2.8,71.41150046985895,89.2857142857143,71.41150046985895,0.0,7.8,15.5,2678
evaluation,7.7kW,Proposed,5,0,0.9470684568911956,0.0046741999685764,0,59.83957399035834,7.7,63.855825010624216,32.467532467532465,63.855825010624216,0.0,47.0,15.5,2678
evaluation,11.5kW,Proposed,5,0,0.9482013104770944,0.0049212933517992,0,64.512952352177,11.5,65.52190307982656,21.73913043478261,65.52190307982656,0.0,60.8,15.5,2678
evaluation,120.0kW,Proposed,5,0,0.8939622681182685,0.0108080506324768,0,100.0,120.0,96.4765270720236,2.083333333333333,96.4765270720236,0.0,77.9,15.5,2678
evaluation,250.0kW,Proposed,5,0,0.952614010383934,0.0052028712816536,0,100.0,250.0,66.43258792807313,1.0,66.43258792807313,0.0,89.7,15.5,2678
training,1.9kW,Proposed,6,0,0.0,0.0,0,52.7709421573655,1.9,0.0,131.57894736842104,0.0,0.0,66.5,15.5,2685
training,2.8kW,Proposed,6,1,0.7917705774307251,0.0132786706089973,597,53.91462347377469,2.8,105.5535326102489,89.2857142857143,105.5535326102489,0.2335528195276815,8.3,15.5,2685
training,7.7kW,Proposed,6,0,0.0,0.0,0,61.11649065702501,7.7,0.0,32.467532467532465,0.0,0.0,47.0,15.5,2685
training,11.5kW,Proposed,6,1,0.9029859900474548,0.0053390832617878,597,66.37433797929837,11.5,68.2464747655162,21.73913043478261,68.2464747655162,0.2755640575595599,58.5,15.5,2685
training,120.0kW,Proposed,6,1,0.4940958321094513,0.0332727506756782,597,100.0,120.0,169.27480768821832,2.083333333333333,169.27480768821832,0.2297247471043297,75.0,15.5,2685
training,250.0kW,Proposed,6,1,0.9224907755851746,0.0048685302026569,597,100.0,250.0,64.26264021678509,1.0,64.26264021678509,0.2883212564060817,20.9,15.5,2685
evaluation,1.9kW,Proposed,6,0,0.9537596531021104,0.0045026713050901,0,53.08074771292106,1.9,61.666689388180025,131.57894736842104,61.666689388180025,0.0,29.5,15.4,3273
evaluation,2.8kW,Proposed,6,0,0.936716322555157,0.0056269499473273,0,54.37117902933024,2.8,68.71190664655376,89.2857142857143,68.71190664655376,0.0,8.3,15.4,3273
evaluation,7.7kW,Proposed,6,0,0.9525873133634848,0.0045388210564851,0,62.37201843480278,7.7,62.92430199494614,32.467532467532465,62.92430199494614,0.0,48.8,15.4,3273
evaluation,11.5kW,Proposed,6,0,0.9473368615971064,0.0048671090044081,0,68.24947686818726,11.5,65.16020060320142,21.73913043478261,65.16020060320142,0.0,75.7,15.4,3273
evaluation,120.0kW,Proposed,6,0,0.8925694870225528,0.0099205188453197,0,100.0,120.0,92.4304717140827,2.083333333333333,92.4304717140827,0.0,81.6,15.4,3273
evaluation,250.0kW,Proposed,6,0,0.9523109041606568,0.0046812212094664,0,100.0,250.0,63.014313928972015,1.0,63.014313928972015,0.0,84.3,15.4,3273
training,1.9kW,Proposed,7,0,0.0,0.0,0,53.39477549069884,1.9,0.0,131.57894736842104,0.0,0.0,29.5,15.4,3281
training,2.8kW,Proposed,7,1,0.8036379814147949,0.0123869450762867,595,54.78833415061313,2.8,101.947734589489,89.2857142857143,101.947734589489,0.2760362409775119,7.8,15.5,3281
training,7.7kW,Proposed,7,0,0.0,0.0,0,63.64465732369168,7.7,0.0,32.467532467532465,0.0,0.0,48.8,15.4,3281
training,11.5kW,Proposed,7,1,0.9104504585266112,0.0050422381609678,595,70.10171019945535,11.5,66.32214346015401,21.73913043478261,66.32214346015401,0.293210096529156,75.2,15.5,3281
training,120.0kW,Proposed,7,1,0.5015024542808533,0.0330452807247638,595,100.0,120.0,168.6951897229884,2.083333333333333,168.6951897229884,0.2701071707987922,60.8,15.5,3281
training,250.0kW,Proposed,7,1,0.9270030856132508,0.0046452516689896,595,100.0,250.0,62.771752571960725,1.0,62.771752571960725,0.2991789318403406,20.0,15.5,3281
evaluation,1.9kW,Proposed,7,0,0.9555375485959604,0.0042284014634788,0,53.70510882403217,1.9,59.75904089254715,131.57894736842104,59.75904089254715,0.0,54.9,15.5,3869
evaluation,2.8kW,Proposed,7,0,0.939970625938837,0.0055623506195843,0,55.24566748394646,2.8,68.31634988394757,89.2857142857143,68.31634988394757,0.0,8.2,15.5,3869
evaluation,7.7kW,Proposed,7,0,0.9543860520736732,0.0041441083885729,0,64.90232399035834,7.7,60.12601614461021,32.467532467532465,60.12601614461021,0.0,31.7,15.5,3869
evaluation,11.5kW,Proposed,7,0,0.9523120651079487,0.0043646707199513,0,71.98004353278868,11.5,61.705321412127134,21.73913043478261,61.705321412127134,0.0,77.6,15.5,3869
evaluation,120.0kW,Proposed,7,0,0.8943371106226956,0.0093142157420516,0,100.0,120.0,89.56145135940443,2.083333333333333,89.56145135940443,0.0,84.1,15.5,3869
evaluation,250.0kW,Proposed,7,0,0.9550122745275916,0.0046711172908544,0,100.0,250.0,62.94627234325852,1.0,62.94627234325852,0.0,81.3,15.5,3869
training,1.9kW,Proposed,8,0,0.0,0.0,0,54.02019215736551,1.9,0.0,131.57894736842104,0.0,0.0,54.9,15.5,3878
training,2.8kW,Proposed,8,1,0.8230310082435608,0.0113307340070605,597,55.676194456223534,2.8,97.50446324670568,89.2857142857143,97.50446324670568,0.2038574536055956,7.8,15.5,3878
training,7.7kW,Proposed,8,0,0.0,0.0,0,66.179240657025,7.7,0.0,32.467532467532465,0.0,0.0,31.7,15.5,3878
training,11.5kW,Proposed,8,1,0.9160253405570984,0.0049010594375431,597,73.8382340762857,11.5,65.38706757989225,21.73913043478261,65.38706757989225,0.2948308934853013,72.3,15.5,3878
training,120.0kW,Proposed,8,1,0.5417358875274658,0.031342078000307,597,100.0,120.0,164.2902799943334,2.083333333333333,164.2902799943334,0.2876492784724405,46.8,15.5,3878
training,250.0kW,Proposed,8,1,0.9297776222229004,0.0045315138995647,597,100.0,250.0,61.99851515706403,1.0,61.99851515706403,0.2472135538549697,29.7,15.5,3878
evaluation,1.9kW,Proposed,8,0,0.9504232397985164,0.0040311967022717,0,54.33052549069884,1.9,58.348877607605175,131.57894736842104,58.348877607605175,0.0,6.7,15.4,4466
evaluation,2.8kW,Proposed,8,0,0.940351372749424,0.0050904555246233,0,56.13352778955687,2.8,65.3542443202307,89.2857142857143,65.3542443202307,0.0,59.8,15.4,4466
evaluation,7.7kW,Proposed,8,0,0.9565056069958828,0.0038918105419725,0,67.43690732369167,7.7,58.26700847952448,32.467532467532465,58.26700847952448,0.0,16.4,15.4,4466
evaluation,11.5kW,Proposed,8,0,0.9573841400131432,0.0040635392069816,0,75.71656740961903,11.5,59.53866649871907,21.73913043478261,59.53866649871907,0.0,72.3,15.4,4466
evaluation,120.0kW,Proposed,8,0,0.9072667461218908,0.0090138847008347,0,100.0,120.0,88.10569381262299,2.083333333333333,88.10569381262299,0.0,73.0,15.4,4466
evaluation,250.0kW,Proposed,8,0,0.9512249537162614,0.0044506834819912,0,100.0,250.0,61.44308103804508,1.0,61.44308103804508,0.0,85.3,15.4,4466
training,1.9kW,Proposed,9,0,0.0,0.0,0,54.6450810462544,1.9,0.0,131.57894736842104,0.0,0.0,6.7,15.4,4474
training,2.8kW,Proposed,9,1,0.8161335587501526,0.0114062912762165,596,56.56165107601886,2.8,97.829019892142,89.2857142857143,97.829019892142,0.2140204173436677,7.7,15.5,4474
training,7.7kW,Proposed,9,0,0.0,0.0,0,68.71168510146944,7.7,0.0,32.467532467532465,0.0,0.0,16.4,15.4,4474
training,11.5kW,Proposed,9,1,0.9168170094490052,0.0047404197975993,596,77.58284836307868,11.5,64.30655995273382,21.73913043478261,64.30655995273382,0.2271620260826396,64.3,15.5,4474
training,120.0kW,Proposed,9,1,0.5495620369911194,0.0309616401791572,596,100.0,120.0,163.29013790197914,2.083333333333333,163.29013790197914,0.2801740371502646,62.2,15.5,4474
training,250.0kW,Proposed,9,1,0.9292770624160768,0.0044230949133634,596,100.0,250.0,61.25235058678428,1.0,61.25235058678428,0.2043162873680558,14.4,15.5,4474
evaluation,1.9kW,Proposed,9,0,0.954275952245854,0.0039809662848711,0,54.95488660180995,1.9,57.98421221778409,131.57894736842104,57.98421221778409,0.0,24.5,15.5,5061
evaluation,2.8kW,Proposed,9,0,0.9437631876607484,0.0049250214360654,0,57.018206631574415,2.8,64.28350321862771,89.2857142857143,64.28350321862771,0.0,82.6,15.5,5061
evaluation,7.7kW,Proposed,9,0,0.9586156112111892,0.0036582839675247,0,69.96721287924721,7.7,56.491822140678345,32.467532467532465,56.491822140678345,0.0,5.7,15.5,5061
evaluation,11.5kW,Proposed,9,0,0.958324446316814,0.0039017850067466,0,79.45798725196757,11.5,58.341628031324944,21.73913043478261,58.341628031324944,0.0,73.1,15.5,5061
evaluation,120.0kW,Proposed,9,0,0.9031414857881804,0.0088857281953096,0,100.0,120.0,87.477122438667,2.083333333333333,87.477122438667,0.0,71.8,15.5,5061
evaluation,250.0kW,Proposed,9,0,0.9569819754745448,0.0042159096337854,0,100.0,250.0,59.80056357319582,1.0,59.80056357319582,0.0,88.1,15.5,5061
training,1.9kW,Proposed,10,0,0.0,0.0,0,55.26891437958773,1.9,0.0,131.57894736842104,0.0,0.0,24.5,15.5,5069
training,2.8kW,Proposed,10,1,0.8215669393539429,0.0113626709207892,595,57.43858155189425,2.8,97.64178005400014,89.2857142857143,97.64178005400014,0.256555103947243,7.7,15.5,5069
training,7.7kW,Proposed,10,0,0.0,0.0,0,71.2398517681361,7.7,0.0,32.467532467532465,0.0,0.0,5.7,15.5,5069
training,11.5kW,Proposed,10,1,0.9230340123176576,0.0045299916528165,595,81.31480894224975,11.5,62.8630686356021,21.73913043478261,62.8630686356021,0.2654485966119083,73.7,15.5,5069
training,120.0kW,Proposed,10,1,0.5629172921180725,0.0311000477522611,595,100.0,120.0,163.65470822278004,2.083333333333333,163.65470822278004,0.2425527067745386,49.1,15.5,5069
training,250.0kW,Proposed,10,1,0.933563232421875,0.0041256896220147,595,100.0,250.0,59.157240390905855,1.0,59.157240390905855,0.2456655565037336,29.1,15.5,5069
evaluation,1.9kW,Proposed,10,0,0.96014840323395,0.0037014265544712,0,55.57871993514329,1.9,55.9113629977914,131.57894736842104,55.9113629977914,0.0,26.3,15.5,5656
evaluation,2.8kW,Proposed,10,0,0.9471779989234368,0.0046342234127223,0,57.895137107449806,2.8,62.35681967343399,89.2857142857143,62.35681967343399,0.0,9.0,15.5,5656
evaluation,7.7kW,Proposed,10,0,0.957030987069346,0.0036576720885932,0,72.49537954591388,7.7,56.48709757561321,32.467532467532465,56.48709757561321,0.0,12.1,15.5,5656
evaluation,11.5kW,Proposed,10,0,0.9601657686494862,0.0040575140155851,0,83.18994783113864,11.5,59.49450980199626,21.73913043478261,59.49450980199626,0.0,73.9,15.5,5656
evaluation,120.0kW,Proposed,10,0,0.9104932634841344,0.0080978646874427,0,100.0,120.0,83.50899055186048,2.083333333333333,83.50899055186048,0.0,87.9,15.5,5656
evaluation,250.0kW,Proposed,10,0,0.959077855757194,0.0039437431842088,0,100.0,250.0,57.838090064563126,1.0,57.838090064563126,0.0,90.8,15.5,5656
training,1.9kW,Random,1,1,0.0,0.0,22,50.01161111111111,1.9,0.0,0.6785714285714286,0.0,0.0,0.0,0.0,30
training,2.8kW,Random,1,1,0.0,0.0,3,50.00233333333333,2.8,0.0,1.0,0.0,0.0,0.0,0.0,30
evaluation,1.9kW,Random,1,0,0.9007230897102426,0.0162957180291414,0,50.143027777777775,1.9,117.3146534513473,0.0076,117.3146534513473,0.0,25.7,13.5,279
evaluation,2.8kW,Random,1,0,0.8625149127754886,0.0199815779924392,0,50.196,2.8,129.48228799347086,0.0111999999999999,129.48228799347086,0.0,7.1,13.5,279
evaluation,7.7kW,Random,1,0,0.0,0.0,0,50.48766666666667,7.7,0.0,0.0308,0.0,0.0,0.0,0.0,279
evaluation,11.5kW,Random,1,0,0.0,0.0,0,50.66125,11.5,0.0,0.046,0.0,0.0,0.0,0.0,279
evaluation,120.0kW,Random,1,0,0.0,0.0,0,56.23333333333333,120.0,0.0,0.48,0.0,0.0,0.0,0.0,279
evaluation,250.0kW,Random,1,0,0.0,0.0,0,61.59722222222222,250.0,0.0,1.0,0.0,0.0,0.0,0.0,279
training,1.9kW,Random,2,1,0.1076185777783393,0.0434571653604507,267,50.26679794940478,1.9,191.57825302989804,0.0076,191.57825302989804,0.2311886971639933,14.0,14.5,296
training,2.8kW,Random,2,0,0.0,0.0,0,50.403666666666666,2.8,0.0,0.0111999999999999,0.0,0.0,7.1,13.5,296
training,7.7kW,Random,2,1,0.1319730579853058,0.0402904637157917,246,50.99804830686648,7.7,187.47700596407333,0.0308,187.47700596407333,0.2310003873198685,0.2,14.7,296
training,11.5kW,Random,2,0,0.0,0.0,0,51.38,11.5,0.0,0.046,0.0,0.0,0.0,0.0,296
training,120.0kW,Random,2,1,1.3320888683665544e-05,0.0748675838112831,205,63.05482348994895,120.0,253.9188163506912,0.48,253.9188163506912,0.2079777374818935,0.2,14.7,296
training,250.0kW,Random,2,1,0.0255525857210159,0.0489940606057643,185,74.43242754556042,250.0,203.85968449473816,1.0,203.85968449473816,0.233842356661979,10.1,14.7,296
evaluation,1.9kW,Random,2,0,0.9323180944047688,0.0069689936935901,0,50.58135350496034,1.9,76.71857847257209,0.0076,76.71857847257209,0.0,91.9,15.2,893
evaluation,2.8kW,Random,2,0,0.911502072934835,0.008747411891818,0,50.86722222222223,2.8,85.67128125749772,0.0111999999999999,85.67128125749772,0.0,84.5,15.2,893
evaluation,7.7kW,Random,2,0,0.9354603442022332,0.0067754373885691,0,52.27282608464426,7.7,76.88038409466097,0.0308,76.88038409466097,0.0,50.1,15.2,893
evaluation,11.5kW,Random,2,0,0.9308290395438767,0.0073296874761581,0,53.28388888888889,11.5,79.9630967881523,0.046,79.9630967881523,0.0,6.4,15.2,893
evaluation,120.0kW,Random,2,0,0.841016441100953,0.0152768669649958,0,82.92149015661562,120.0,114.70045074184756,0.48,114.70045074184756,0.0,72.5,15.2,893
evaluation,250.0kW,Random,2,0,0.93073023933792,0.0079309688881039,0,100.0,250.0,82.02056437634523,1.0,82.02056437634523,0.0,75.5,15.2,893
training,1.9kW,Random,3,1,0.8554198145866394,0.0086273988708853,605,50.85353160925341,1.9,85.36020511803976,0.0076,85.36020511803976,0.2804278091652183,28.6,15.3,901
training,2.8kW,Random,3,0,0.0,0.0,0,51.33777777777778,2.8,0.0,0.0111999999999999,0.0,0.0,84.5,15.2,901
training,7.7kW,Random,3,1,0.8918103575706482,0.0074184848926961,605,53.52137762145936,7.7,80.44600553820455,0.0308,80.44600553820455,0.2706024255630244,69.7,15.3,901
training,11.5kW,Random,3,0,0.0,0.0,0,55.21652777777778,11.5,0.0,0.046,0.0,0.0,6.4,15.2,901
training,120.0kW,Random,3,1,0.2293330430984497,0.0484354235231876,605,100.0,120.0,204.2346977655678,0.48,204.2346977655678,0.227186402594386,66.7,15.3,901
training,250.0kW,Random,3,1,0.8592978715896606,0.0079812668263912,605,100.0,250.0,82.28023914698421,1.0,82.28023914698421,0.2063246100370885,5.1,15.3,901
evaluation,1.9kW,Random,3,0,0.9434208738181344,0.0058098346926271,0,51.16650383147563,1.9,70.04826762911352,0.0076,70.04826762911352,0.0,92.9,15.3,1495
evaluation,2.8kW,Random,3,0,0.9245148538907458,0.0073039359413087,0,51.79900000000001,2.8,78.28417001649021,0.0111999999999999,78.28417001649021,0.0,7.1,15.3,1495
evaluation,7.7kW,Random,3,0,0.9481498622617424,0.0054782200604677,0,54.78973873257047,7.7,69.13000896187833,0.0308,69.13000896187833,0.0,50.9,15.3,1495
evaluation,11.5kW,Random,3,0,0.9320491070262368,0.0062847952358424,0,57.11083333333333,11.5,74.04443822974545,0.046,74.04443822974545,0.0,73.4,15.3,1495
evaluation,120.0kW,Random,3,0,0.8706584857532086,0.0126172984018921,0,100.0,120.0,104.23922249774851,0.48,104.23922249774851,0.0,78.7,15.3,1495
evaluation,250.0kW,Random,3,0,0.945196001404864,0.006216216366738,0,100.0,250.0,72.61438966994267,1.0,72.61438966994267,0.0,83.2,15.3,1495
training,1.9kW,Random,4,1,0.9051719307899476,0.006534909363836,601,51.4445483175002,1.9,74.29084457206513,0.0076,74.29084457206513,0.2345089023486886,22.7,15.3,1503
training,2.8kW,Random,4,1,0.7965660691261292,0.0139737874269485,601,52.22786822512458,2.8,108.28107029072876,0.0111999999999999,108.28107029072876,0.2310721955932426,7.0,15.3,1503
training,7.7kW,Random,4,0,0.0,0.0,0,56.075210954792695,7.7,0.0,0.0308,0.0,0.0,50.9,15.3,1503
training,11.5kW,Random,4,1,0.8915773630142212,0.0062220063991844,601,58.982097674465344,11.5,73.67363581612463,0.046,73.67363581612463,0.2910954607733068,70.1,15.3,1503
training,120.0kW,Random,4,0,0.0,0.0,0,100.0,120.0,0.0,0.48,0.0,0.0,78.7,15.3,1503
training,250.0kW,Random,4,1,0.904935657978058,0.0059209056198596,601,100.0,250.0,70.8685748685227,1.0,70.8685748685227,0.2040981323053265,11.5,15.3,1503
evaluation,1.9kW,Random,4,0,0.947739608669251,0.0050891265273094,0,51.7580483175002,1.9,65.55972688343789,0.0076,65.55972688343789,0.0,90.2,15.3,2096
evaluation,2.8kW,Random,4,0,0.924688417857512,0.0066817258484661,0,52.68986822512458,2.8,74.87551110684068,0.0111999999999999,74.87551110684068,0.0,7.1,15.3,2096
evaluation,7.7kW,Random,4,0,0.9484830110555332,0.0048706317320466,0,57.34571095479269,7.7,65.18377723974922,0.0308,65.18377723974922,0.0,50.3,15.3,2096
evaluation,11.5kW,Random,4,0,0.9442267413576492,0.0052299951203167,0,60.879597674465344,11.5,67.54567064719272,0.046,67.54567064719272,0.0,74.6,15.3,2096
evaluation,120.0kW,Random,4,0,0.8907984997299178,0.0112517029047012,0,100.0,120.0,98.43671324400376,0.48,98.43671324400376,0.0,73.8,15.3,2096
evaluation,250.0kW,Random,4,0,0.9491733268557104,0.005392721388489,0,100.0,250.0,67.63377398381157,1.0,67.63377398381157,0.0,70.0,15.3,2096
training,1.9kW,Random,5,1,0.9200212359428406,0.0055393651127815,602,52.02608912202926,1.9,68.39833140520226,0.0076,68.39833140520226,0.297098178895968,6.0,15.3,2104
training,2.8kW,Random,5,0,0.0,0.0,0,53.15809044734681,2.8,0.0,0.0111999999999999,0.0,0.0,7.1,15.3,2104
training,7.7kW,Random,5,1,0.941196084022522,0.0048954747617244,602,58.58920645825568,7.7,65.34980322264876,0.0308,65.34980322264876,0.2638142650053804,43.9,15.3,2104
training,11.5kW,Random,5,1,0.9051761627197266,0.0055566080845892,602,62.76839257966515,11.5,69.62284396834083,0.046,69.62284396834083,0.2048809655825909,63.2,15.3,2104
training,120.0kW,Random,5,1,0.4128639101982116,0.0406148433685302,602,100.0,120.0,187.020996873304,0.48,187.020996873304,0.2272109451018688,39.5,15.3,2104
training,250.0kW,Random,5,0,0.0,0.0,0,100.0,250.0,0.0,1.0,0.0,0.0,70.0,15.3,2104
evaluation,1.9kW,Random,5,0,0.9526140217015818,0.0046356553211808,0,52.33906134425148,1.9,62.570709550969575,0.0076,62.570709550969575,0.0,84.5,15.3,2698
evaluation,2.8kW,Random,5,0,0.934935798132512,0.0056911073625087,0,53.61931266956903,2.8,69.10251644590927,0.0111999999999999,69.10251644590927,0.0,7.5,15.3,2698
evaluation,7.7kW,Random,5,0,0.9558356802135736,0.0044554215855896,0,59.85756756936679,7.7,62.34351411910177,0.0308,62.34351411910177,0.0,21.1,15.3,2698
evaluation,11.5kW,Random,5,0,0.9513540329692248,0.0049549508839845,0,64.66269813522071,11.5,65.74557881218509,0.046,65.74557881218509,0.0,83.3,15.3,2698
evaluation,120.0kW,Random,5,0,0.8938692455694192,0.0104657802730798,0,100.0,120.0,94.93662369545282,0.48,94.93662369545282,0.0,81.3,15.3,2698
evaluation,250.0kW,Random,5,0,0.9518681470489356,0.0050568049773573,0,100.0,250.0,65.49342952387367,1.0,65.49342952387367,0.0,72.1,15.3,2698
training,1.9kW,Random,6,1,0.927812159061432,0.0050333715043962,601,52.62076767889548,1.9,65.19961097371946,0.0076,65.19961097371946,0.2125743681890596,13.4,15.3,2706
training,2.8kW,Random,6,0,0.0,0.0,0,54.08675711401347,2.8,0.0,0.0111999999999999,0.0,0.0,7.5,15.3,2706
training,7.7kW,Random,6,1,0.9475482702255248,0.0043913736008107,601,61.09728593611405,7.7,61.89378893644237,0.0308,61.89378893644237,0.2740663555904925,59.3,15.3,2706
training,11.5kW,Random,6,0,0.0,0.0,0,66.58255924633183,11.5,0.0,0.046,0.0,0.0,83.3,15.3,2706
training,120.0kW,Random,6,1,0.4412344396114349,0.0395881123840808,601,100.0,120.0,184.64194803828383,0.48,184.64194803828383,0.2874380420905565,78.7,15.3,2706
training,250.0kW,Random,6,1,0.9224094152450562,0.0047999881207942,601,100.0,250.0,63.80867279273778,1.0,63.80867279273778,0.201194002133863,6.8,15.3,2706
evaluation,1.9kW,Random,6,0,0.9550157229226912,0.0042327162809669,0,52.9337399011177,1.9,59.78952328769455,0.0076,59.78952328769455,0.0,79.5,15.3,3299
evaluation,2.8kW,Random,6,0,0.9407875929535114,0.0057914098724722,0,54.5479793362357,2.8,69.708802901478,0.0111999999999999,69.708802901478,0.0,7.3,15.3,3299
evaluation,7.7kW,Random,6,0,0.9567721981999404,0.0041637923568487,0,62.36564704722516,7.7,60.268642304693735,0.0308,60.268642304693735,0.0,13.0,15.3,3299
evaluation,11.5kW,Random,6,0,0.9522295171285048,0.0045979381538927,0,68.47686480188739,11.5,63.332763528660806,0.046,63.332763528660806,0.0,83.3,15.3,3299
evaluation,120.0kW,Random,6,0,0.8978679613301183,0.0097143677994608,0,100.0,120.0,91.46506501944296,0.48,91.46506501944296,0.0,80.5,15.3,3299
evaluation,250.0kW,Random,6,0,0.9471819898224983,0.0046661356464028,0,100.0,250.0,62.91269797775635,1.0,62.91269797775635,0.0,87.2,15.3,3299
training,1.9kW,Random,7,0,0.0,0.0,0,53.25146212333992,1.9,0.0,0.0076,0.0,0.0,79.5,15.3,3307
training,2.8kW,Random,7,1,0.8531755208969116,0.0104744443669915,602,54.97803499547673,2.8,93.74777540182188,0.0111999999999999,93.74777540182188,0.2282385826117682,7.1,15.3,3307
training,7.7kW,Random,7,0,0.0,0.0,0,63.65325815833627,7.7,0.0,0.0308,0.0,0.0,13.0,15.3,3307
training,11.5kW,Random,7,1,0.917839288711548,0.0049934857524931,602,70.3573187904069,11.5,66.00073679211398,0.046,66.00073679211398,0.2547602015444085,70.4,15.3,3307
training,120.0kW,Random,7,1,0.4727101325988769,0.037286639213562,602,100.0,120.0,179.19446728203465,0.48,179.19446728203465,0.2133966697653098,29.2,15.3,3307
training,250.0kW,Random,7,1,0.9242733120918274,0.0045695407316088,602,100.0,250.0,62.2581062972577,1.0,62.2581062972577,0.298310015098622,11.4,15.3,3307
evaluation,1.9kW,Random,7,0,0.9543996419241284,0.0041394061408936,0,53.56443434556214,1.9,59.12682123841363,0.0076,59.12682123841363,0.0,58.1,15.3,3900
evaluation,2.8kW,Random,7,0,0.9399109156526366,0.0053819511085748,0,55.43925721769895,2.8,67.19939262639502,0.0111999999999999,67.19939262639502,0.0,7.3,15.3,3900
evaluation,7.7kW,Random,7,0,0.9557836134366192,0.0039235060103237,0,64.92161926944738,7.7,58.50379482684859,0.0308,58.50379482684859,0.0,48.9,15.3,3900
evaluation,11.5kW,Random,7,0,0.953324101638434,0.004336527083069,0,72.25162434596245,11.5,61.50606002726737,0.046,61.50606002726737,0.0,76.9,15.3,3900
evaluation,120.0kW,Random,7,0,0.9087862609543756,0.0095140328630805,0,100.0,120.0,90.51703086800362,0.48,90.51703086800362,0.0,70.9,15.3,3900
evaluation,250.0kW,Random,7,0,0.9554763965013372,0.0043640760704874,0,100.0,250.0,60.8423228526524,1.0,60.8423228526524,0.0,63.7,15.3,3900
training,1.9kW,Random,8,0,0.0,0.0,0,53.88110101222881,1.9,0.0,0.0076,0.0,0.0,58.1,15.3,3908
training,2.8kW,Random,8,0,0.0,0.0,0,55.90592388436562,2.8,0.0,0.0111999999999999,0.0,0.0,7.3,15.3,3908
training,7.7kW,Random,8,1,0.9488043189048768,0.0040103616192936,600,66.1605124085691,7.7,59.14780655916639,0.0308,59.14780655916639,0.2666411652696424,20.8,15.3,3908
training,11.5kW,Random,8,1,0.926386058330536,0.0046855681575834,600,74.12150167149382,11.5,63.93343018857106,0.046,63.93343018857106,0.2807360468118908,43.6,15.3,3908
training,120.0kW,Random,8,1,0.4986534118652344,0.035547662526369,600,100.0,120.0,174.96593441326982,0.48,174.96593441326982,0.2774604623510014,16.8,15.3,3908
training,250.0kW,Random,8,1,0.9304925799369812,0.0042793746106326,600,100.0,250.0,60.248991685319154,1.0,60.248991685319154,0.2781049104363917,7.0,15.3,3908
evaluation,1.9kW,Random,8,0,0.9556386059856784,0.003848360851407,0,54.19407323445103,1.9,57.0103103747488,0.0076,57.0103103747488,0.0,83.7,15.3,4501
evaluation,2.8kW,Random,8,0,0.9420399294680104,0.0052242828533053,0,56.36714610658784,2.8,66.20774783786989,0.0111999999999999,66.20774783786989,0.0,7.3,15.3,4501
evaluation,7.7kW,Random,8,0,0.959577503599632,0.0040896111167967,0,67.42887351968021,7.7,59.729362924815554,0.0308,59.729362924815554,0.0,31.8,15.3,4501
evaluation,11.5kW,Random,8,0,0.9572353034251524,0.0040345876477658,0,76.01580722704938,11.5,59.32618934378348,0.046,59.32618934378348,0.0,70.8,15.3,4501
evaluation,120.0kW,Random,8,0,0.9064409371893268,0.0088872928172349,0,100.0,120.0,87.48482369827181,0.48,87.48482369827181,0.0,77.0,15.3,4501
evaluation,250.0kW,Random,8,0,0.9571138829417172,0.0041877925395965,0,100.0,250.0,59.60081653450666,1.0,59.60081653450666,0.0,80.8,15.3,4501
training,1.9kW,Random,9,1,0.9331849217414856,0.0043863845057785,601,54.47269892355872,1.9,60.865173002176206,0.0076,60.865173002176206,0.231027486210204,18.4,15.3,4508
training,2.8kW,Random,9,1,0.8631506562232971,0.009858557023108,601,56.79389945477595,2.8,90.9498841207668,0.0111999999999999,90.9498841207668,0.2437403436319179,7.2,15.3,4508
training,7.7kW,Random,9,0,0.0,0.0,0,68.71434574190243,7.7,0.0,0.0308,0.0,0.0,31.8,15.3,4508
training,11.5kW,Random,9,1,0.9266221523284912,0.0045346254482865,601,77.89367226774858,11.5,62.895212199065256,0.046,62.895212199065256,0.2515571605372671,73.5,15.3,4508
training,120.0kW,Random,9,1,0.5188741683959961,0.0338705405592918,601,100.0,120.0,170.7886635611778,0.48,170.7886635611778,0.2003238276700217,32.8,15.3,4508
training,250.0kW,Random,9,0,0.0,0.0,0,100.0,250.0,0.0,1.0,0.0,0.0,80.8,15.3,4508
evaluation,1.9kW,Random,9,0,0.9597996678824146,0.0039121280424296,0,54.78567114578094,1.9,57.4806991227704,0.0076,57.4806991227704,0.0,84.5,15.3,5102
evaluation,2.8kW,Random,9,0,0.9466264876702484,0.0048315091989934,0,57.25512167699817,2.8,63.67029749004353,0.0111999999999999,63.67029749004353,0.0,7.4,15.3,5102
evaluation,7.7kW,Random,9,0,0.9589725161139708,0.0037887922953814,0,69.98270685301354,7.7,57.49065742909677,0.0308,57.49065742909677,0.0,51.8,15.3,5102
evaluation,11.5kW,Random,9,0,0.9478048961746928,0.0040276935324072,0,79.78797782330415,11.5,59.27548075854541,0.046,59.27548075854541,0.0,89.0,15.3,5102
evaluation,120.0kW,Random,9,0,0.9135830774598466,0.0083686048164963,0,100.0,120.0,84.89351312255614,0.48,84.89351312255614,0.0,79.6,15.3,5102
evaluation,250.0kW,Random,9,0,0.9601134017081102,0.003924686461687,0,100.0,250.0,57.69817994484676,1.0,57.69817994484676,0.0,94.2,15.3,5102
training,1.9kW,Random,10,1,0.9346152544021606,0.0042270575650036,601,55.05784079557003,1.9,59.74954363137039,0.0076,59.74954363137039,0.2696992691501912,6.0,15.3,5110
training,2.8kW,Random,10,0,0.0,0.0,0,57.72256612144262,2.8,0.0,0.0111999999999999,0.0,0.0,7.4,15.3,5110
training,7.7kW,Random,10,1,0.9494524598121644,0.0037043688353151,601,71.22321029372137,7.7,56.84653357681668,0.0308,56.84653357681668,0.2693637495038968,82.4,15.3,5110
training,11.5kW,Random,10,0,0.0,0.0,0,81.70783893441526,11.5,0.0,0.046,0.0,0.0,89.0,15.3,5110
training,120.0kW,Random,10,1,0.5267812013626099,0.0341257117688655,601,100.0,120.0,171.43079351143055,0.48,171.43079351143055,0.2980866181720278,67.9,15.3,5110
training,250.0kW,Random,10,1,0.9319244623184204,0.0040529305115342,601,100.0,250.0,58.63328261349771,1.0,58.63328261349771,0.2690501047400094,13.7,15.3,5110
evaluation,1.9kW,Random,10,0,0.9576405247228448,0.0036836306098848,0,55.37081301779225,1.9,55.77679402327608,0.0076,55.77679402327608,0.0,63.8,15.4,5703
evaluation,2.8kW,Random,10,0,0.9484279973665756,0.0047524045221507,0,58.18378834366485,2.8,63.14692018410498,0.0111999999999999,63.14692018410498,0.0,7.3,15.4,5703
evaluation,7.7kW,Random,10,0,0.9615233778981578,0.0035091373138129,0,72.49157140483247,7.7,55.32826574662022,0.0308,55.32826574662022,0.0,52.6,15.4,5703
evaluation,11.5kW,Random,10,0,0.9590342462499504,0.0038072965107858,0,83.60214448997083,11.5,57.63087674990789,0.046,57.63087674990789,0.0,64.5,15.4,5703
evaluation,120.0kW,Random,10,0,0.9151202268911072,0.0080449189990758,0,100.0,120.0,83.23554242810081,0.48,83.23554242810081,0.0,74.5,15.4,5703
evaluation,250.0kW,Random,10,0,0.9606687699347772,0.0038775959983468,0,100.0,250.0,57.35098872062881,1.0,57.35098872062881,0.0,95.9,15.4,5703
training,1.9kW,Oort,1,1,0.0,0.0,22,50.01161111111111,1.9,0.0,0.6785714285714286,0.0,0.0,0.0,0.0,30
training,2.8kW,Oort,1,1,0.0,0.0,2,50.00155555555556,2.8,0.0,1.0,0.0,0.0,0.0,0.0,30
evaluation,1.9kW,Oort,1,0,0.8927315353798391,0.0184032041579484,0,50.140388888888886,1.9,124.67007863493605,0.0076,124.67007863493605,0.0,54.4,14.4,273
evaluation,2.8kW,Oort,1,0,0.8498309760655277,0.0217632874846458,0,50.19133333333333,2.8,135.13185021939498,0.0111999999999999,135.13185021939498,0.0,7.6,14.4,273
evaluation,7.7kW,Oort,1,0,0.0,0.0,0,50.474833333333336,7.7,0.0,0.0308,0.0,0.0,0.0,0.0,273
evaluation,11.5kW,Oort,1,0,0.0,0.0,0,50.64527777777778,11.5,0.0,0.046,0.0,0.0,0.0,0.0,273
evaluation,120.0kW,Oort,1,0,0.0,0.0,0,56.06666666666666,120.0,0.0,0.48,0.0,0.0,0.0,0.0,273
evaluation,250.0kW,Oort,1,0,0.0,0.0,0,61.25,250.0,0.0,1.0,0.0,0.0,0.0,0.0,273
training,1.9kW,Oort,2,1,0.0100592421367764,0.0630069971084594,260,50.25694827115833,1.9,230.6799785090107,0.0076,230.6799785090107,0.2861008608846467,46.5,15.1,290
training,2.8kW,Oort,2,1,0.0635285601019859,0.0664950981736183,260,50.37822639615004,2.8,236.20565423622585,0.0111999999999999,236.20565423622585,0.2122498994609747,14.5,15.2,290
training,7.7kW,Oort,2,1,0.012510871514678,0.0621250420808792,238,50.96887631823797,7.7,232.798524929836,0.0308,232.798524929836,0.2270809006022664,0.6,15.2,290
training,11.5kW,Oort,2,1,0.0,0.0679576992988586,218,51.326787939859365,11.5,243.4816353024497,0.046,243.4816353024497,0.2457037454416822,0.1,15.2,290
training,120.0kW,Oort,2,0,0.0,0.0,0,62.66666666666666,120.0,0.0,0.48,0.0,0.0,0.0,0.0,290
training,250.0kW,Oort,2,0,0.0,0.0,0,73.61111111111111,250.0,0.0,1.0,0.0,0.0,0.0,0.0,290
evaluation,1.9kW,Oort,2,0,0.9279747556229828,0.0072640045545995,0,50.56728160449166,1.9,78.32557022222774,0.0076,78.32557022222774,0.0,89.3,16.2,877
evaluation,2.8kW,Oort,2,0,0.9086819630078322,0.0091007398441433,0,50.83555972948337,2.8,87.38438287627588,0.0111999999999999,87.38438287627588,0.0,83.3,16.2,877
evaluation,7.7kW,Oort,2,0,0.9342095026191252,0.0070506893098354,0,52.22654298490463,7.7,78.42646953402149,0.0308,78.42646953402149,0.0,88.2,16.2,877
evaluation,11.5kW,Oort,2,0,0.93231277415551,0.0074965269304811,0,53.205121273192695,11.5,80.86804218581561,0.046,80.86804218581561,0.0,79.0,16.2,877
evaluation,120.0kW,Oort,2,0,0.8474920061488618,0.0155395586043596,0,82.26666666666667,120.0,115.68240677448252,0.48,115.68240677448252,0.0,7.4,16.2,877
evaluation,250.0kW,Oort,2,0,0.9345123086442538,0.0075552137568593,0,100.0,250.0,80.05399473063223,1.0,80.05399473063223,0.0,17.8,16.2,877
training,1.9kW,Oort,3,0,0.0,0.0,0,50.88183716004722,1.9,0.0,0.0076,0.0,0.0,89.3,16.2,885
training,2.8kW,Oort,3,1,0.7215598225593567,0.0210452117025852,596,51.26196472882201,2.8,132.88382576643534,0.0111999999999999,132.88382576643534,0.2243993328538883,7.6,16.2,885
training,7.7kW,Oort,3,0,0.0,0.0,0,53.50132076268241,7.7,0.0,0.0308,0.0,0.0,88.2,16.2,885
training,11.5kW,Oort,3,1,0.8646108508110046,0.0084066055715084,596,55.075637852846576,11.5,85.63616531547164,0.046,85.63616531547164,0.2015777067886197,71.5,16.2,885
training,120.0kW,Oort,3,1,0.2532040178775787,0.0507947988808155,596,100.0,120.0,209.14986990045253,0.48,209.14986990045253,0.2494944278741644,48.5,16.2,885
training,250.0kW,Oort,3,1,0.8870466947555542,0.0081197414547204,596,100.0,250.0,82.99094897212328,1.0,82.99094897212328,0.2894896879356857,12.1,16.2,885
evaluation,1.9kW,Oort,3,0,0.9456906483923412,0.0055583384819328,0,51.189003826713886,1.9,68.51536985698694,0.0076,68.51536985698694,0.0,87.2,16.2,1467
evaluation,2.8kW,Oort,3,0,0.9251868924451608,0.0073002404533326,0,51.714631395488674,2.8,78.26436324286738,0.0111999999999999,78.26436324286738,0.0,7.6,16.2,1467
evaluation,7.7kW,Oort,3,0,0.9431990475534592,0.0057597807608544,0,54.746154096015744,7.7,70.88426698087505,0.0308,70.88426698087505,0.0,39.5,16.2,1467
evaluation,11.5kW,Oort,3,0,0.9387697702379892,0.0061721121892333,0,56.93480451951324,11.5,73.37764714782567,0.046,73.37764714782567,0.0,69.5,16.2,1467
evaluation,120.0kW,Oort,3,0,0.8829821845366559,0.0130440490320324,0,100.0,120.0,105.98738755909528,0.48,105.98738755909528,0.0,89.8,16.2,1467
evaluation,250.0kW,Oort,3,0,0.9382550640486336,0.0062225139699876,0,100.0,250.0,72.65116291165805,1.0,72.65116291165805,0.0,89.9,16.2,1467
training,1.9kW,Oort,4,0,0.0,0.0,0,51.499864937825,1.9,0.0,0.0076,0.0,0.0,87.2,16.2,1475
training,2.8kW,Oort,4,1,0.7885695695877075,0.0164051596075296,589,52.13175932707951,2.8,117.32368729142206,0.0111999999999999,117.32368729142206,0.2504914198182983,7.5,16.2,1475
training,7.7kW,Oort,4,0,0.0,0.0,0,56.0059596515713,7.7,0.0,0.0308,0.0,0.0,39.5,16.2,1475
training,11.5kW,Oort,4,1,0.8947998881340027,0.0062858499586582,589,58.78353967244892,11.5,74.05065108785506,0.046,74.05065108785506,0.2004303046376385,79.9,16.2,1475
training,120.0kW,Oort,4,1,0.3742269575595855,0.0440763682126998,589,100.0,120.0,194.827778006335,0.48,194.827778006335,0.2264287616965718,66.7,16.2,1475
training,250.0kW,Oort,4,1,0.907775104045868,0.0059169894084334,589,100.0,250.0,70.84513400932337,1.0,70.84513400932337,0.2725598291768117,13.2,16.2,1475
evaluation,1.9kW,Oort,4,0,0.9500933711543176,0.0051651601679623,0,51.80703160449166,1.9,66.04765579953931,0.0076,66.04765579953931,0.0,62.7,16.3,2056
evaluation,2.8kW,Oort,4,0,0.9324264395952996,0.0063123754225671,0,52.58442599374617,2.8,72.77662037053854,0.0111999999999999,72.77662037053854,0.0,16.8,16.3,2056
evaluation,7.7kW,Oort,4,0,0.952555263612234,0.0050870468840003,0,57.25079298490464,7.7,66.61618325556461,0.0308,66.61618325556461,0.0,10.2,16.3,2056
evaluation,11.5kW,Oort,4,0,0.9511116717121372,0.0053219138644635,0,60.642706339115584,11.5,68.13665306681844,0.046,68.13665306681844,0.0,72.1,16.3,2056
evaluation,120.0kW,Oort,4,0,0.878433384408674,0.0114724030718207,0,100.0,120.0,99.39743440855436,0.48,99.39743440855436,0.0,83.5,16.3,2056
evaluation,250.0kW,Oort,4,0,0.9496934455995372,0.0054931957274675,0,100.0,250.0,68.26092467189989,1.0,68.26092467189989,0.0,86.3,16.3,2056
training,1.9kW,Oort,5,0,0.0,0.0,0,52.11842049338056,1.9,0.0,0.0076,0.0,0.0,62.7,16.3,2064
training,2.8kW,Oort,5,1,0.7933388352394104,0.0148277152329683,590,53.0082595961391,2.8,111.54050131012266,0.0111999999999999,111.54050131012266,0.2138966633651887,7.8,16.3,2064
training,7.7kW,Oort,5,0,0.0,0.0,0,58.51273742934908,7.7,0.0,0.0308,0.0,0.0,10.2,16.3,2064
training,11.5kW,Oort,5,1,0.9083806276321412,0.0056985835544764,590,62.49366231812149,11.5,70.50669156363034,0.046,70.50669156363034,0.2060313145402644,32.4,16.3,2064
training,120.0kW,Oort,5,1,0.4282475709915161,0.040540475398302,590,100.0,120.0,186.84969565244512,0.48,186.84969565244512,0.2301988260884429,54.6,16.3,2064
training,250.0kW,Oort,5,1,0.9170360565185548,0.005304760299623,590,100.0,250.0,67.07991637824637,1.0,67.07991637824637,0.2132307269469584,32.3,16.3,2064
evaluation,1.9kW,Oort,5,0,0.9422345927510872,0.0046607414260506,0,52.426114937825,1.9,62.73978354701882,0.0076,62.73978354701882,0.0,70.5,16.3,2647
evaluation,2.8kW,Oort,5,0,0.9375092397948592,0.0058875856921076,0,53.46170404058354,2.8,70.28523387225158,0.0111999999999999,70.28523387225158,0.0,55.5,16.3,2647
evaluation,7.7kW,Oort,5,0,0.9507868737782772,0.0046481466852128,0,59.7597096515713,7.7,63.67761498144808,0.0308,63.67761498144808,0.0,5.2,16.3,2647
evaluation,11.5kW,Oort,5,0,0.9503574022647032,0.0049336170777678,0,64.3560234292326,11.5,65.60389058198643,0.046,65.60389058198643,0.0,89.9,16.3,2647
evaluation,120.0kW,Oort,5,0,0.8956154103915471,0.0105727594345808,0,100.0,120.0,95.42060186830744,0.48,95.42060186830744,0.0,89.1,16.3,2647
evaluation,250.0kW,Oort,5,0,0.9569519201381532,0.0049673756584525,0,100.0,250.0,64.911722330419,1.0,64.911722330419,0.0,90.3,16.3,2647
training,1.9kW,Oort,6,0,0.0,0.0,0,52.73803160449167,1.9,0.0,0.0076,0.0,0.0,70.5,16.3,2655
training,2.8kW,Oort,6,1,0.8179107904434204,0.0129884500056505,591,53.87726725802086,2.8,104.39366315989254,0.0111999999999999,104.39366315989254,0.2686504521584369,7.5,16.3,2655
training,7.7kW,Oort,6,0,0.0,0.0,0,61.02379298490463,7.7,0.0,0.0308,0.0,0.0,5.2,16.3,2655
training,11.5kW,Oort,6,1,0.9107942581176758,0.0055850651115179,591,66.20146837721946,11.5,69.80089584255573,0.046,69.80089584255573,0.2587109767297413,70.8,16.3,2655
training,120.0kW,Oort,6,1,0.4696511030197143,0.0370729975402355,591,100.0,120.0,178.68036353693202,0.48,178.68036353693202,0.2150470794371788,39.0,16.3,2655
training,250.0kW,Oort,6,1,0.9234799146652222,0.0050423583015799,591,100.0,250.0,65.39980923588755,1.0,65.39980923588755,0.2034710396958254,40.8,16.3,2655
evaluation,1.9kW,Oort,6,0,0.95474690989098,0.0043267924338579,0,53.04625382671389,1.9,60.45031137001262,0.0076,60.45031137001262,0.0,56.3,16.3,3240
evaluation,2.8kW,Oort,6,0,0.9355794935669172,0.0055416245013475,0,54.33148948024308,2.8,68.18895282670546,0.0111999999999999,68.18895282670546,0.0,52.6,16.3,3240
evaluation,7.7kW,Oort,6,0,0.9549432632251648,0.0041749058291316,0,62.27290409601574,7.7,60.34901945746865,0.0308,60.34901945746865,0.0,6.1,16.3,3240
evaluation,11.5kW,Oort,6,0,0.9464464507617224,0.0044989949092268,0,68.06702393277502,11.5,62.647627273772606,0.046,62.647627273772606,0.0,67.2,16.3,3240
evaluation,120.0kW,Oort,6,0,0.8999346948895611,0.0097992625087499,0,100.0,120.0,91.86385624572554,0.48,91.86385624572554,0.0,95.3,16.3,3240
evaluation,250.0kW,Oort,6,0,0.9561774877071731,0.004659510217607,0,100.0,250.0,62.8680173577408,1.0,62.8680173577408,0.0,72.9,16.3,3240
training,1.9kW,Oort,7,0,0.0,0.0,0,53.35869827115833,1.9,0.0,0.0076,0.0,0.0,56.3,16.3,3248
training,2.8kW,Oort,7,1,0.8253406286239624,0.0123730506747961,592,54.75265474299945,2.8,101.89054130286934,0.0111999999999999,101.89054130286934,0.2388598886436933,7.5,16.3,3248
training,7.7kW,Oort,7,0,0.0,0.0,0,63.53912631823797,7.7,0.0,0.0308,0.0,0.0,6.1,16.3,3248
training,11.5kW,Oort,7,1,0.9183205962181092,0.0052031623199582,592,69.90900196604159,11.5,67.3721742916871,0.046,67.3721742916871,0.2987822301357004,64.2,16.3,3248
training,120.0kW,Oort,7,1,0.5000051259994507,0.0355576686561107,592,100.0,120.0,174.99055781368344,0.48,174.99055781368344,0.2326392758614594,35.3,16.3,3248
training,250.0kW,Oort,7,1,0.9284265637397766,0.004840659443289,592,100.0,250.0,64.07843480325451,1.0,64.07843480325451,0.2081133712328285,37.6,16.3,3248
evaluation,1.9kW,Oort,7,0,0.955010427271356,0.0040644211694598,0,53.667448271158335,1.9,58.58883517616778,0.0076,58.58883517616778,0.0,80.1,16.3,3833
evaluation,2.8kW,Oort,7,0,0.934169660187235,0.0051720347255468,0,55.207654742999445,2.8,65.8758435898807,0.0111999999999999,65.8758435898807,0.0,15.1,16.3,3833
evaluation,7.7kW,Oort,7,0,0.9570852253150668,0.0040682470425963,0,64.79037631823797,7.7,59.57314593918281,0.0308,59.57314593918281,0.0,9.2,16.3,3833
evaluation,11.5kW,Oort,7,0,0.9605970178804188,0.0043388339690864,0,71.77775196604159,11.5,61.522417425978496,0.046,61.522417425978496,0.0,73.3,16.3,3833
evaluation,120.0kW,Oort,7,0,0.9072088897287186,0.0093124350532889,0,100.0,120.0,89.55288978548698,0.48,89.55288978548698,0.0,75.6,16.3,3833
evaluation,250.0kW,Oort,7,0,0.9520541735008068,0.0045742075890302,0,100.0,250.0,62.28989018714532,1.0,62.28989018714532,0.0,73.4,16.3,3833
training,1.9kW,Oort,8,0,0.0,0.0,0,53.98094827115833,1.9,0.0,0.0076,0.0,0.0,80.1,16.3,3841
training,2.8kW,Oort,8,1,0.837159276008606,0.0112134329974651,594,55.63547666769715,2.8,96.99844450877087,0.0111999999999999,96.99844450877087,0.2071398503169913,7.7,16.3,3841
training,7.7kW,Oort,8,0,0.0,0.0,0,66.06087631823797,7.7,0.0,0.0308,0.0,0.0,9.2,16.3,3841
training,11.5kW,Oort,8,1,0.9159403443336488,0.0050936974585056,594,73.62847127171673,11.5,66.65971452168196,0.046,66.65971452168196,0.2835193595445993,66.3,16.3,3841
training,120.0kW,Oort,8,1,0.5262851715087891,0.0326734520494937,594,100.0,120.0,167.74341754534294,0.48,167.74341754534294,0.2304110303330771,28.4,16.3,3841
training,250.0kW,Oort,8,1,0.9304996728897096,0.0045409076847136,594,100.0,250.0,62.06274305401874,1.0,62.06274305401874,0.234018168786059,30.0,16.3,3841
evaluation,1.9kW,Oort,8,0,0.9583874655026676,0.0038001933135092,0,54.29022604893611,1.9,56.65240564222022,0.0076,56.65240564222022,0.0,66.0,16.3,4427
evaluation,2.8kW,Oort,8,0,0.9468717522005448,0.0048475535586476,0,56.09125444547493,2.8,63.77592726652156,0.0111999999999999,63.77592726652156,0.0,41.4,16.3,4427
evaluation,7.7kW,Oort,8,0,0.9608113484494836,0.0038156423252075,0,67.31426520712687,7.7,57.69400728194215,0.0308,57.69400728194215,0.0,5.6,16.3,4427
evaluation,11.5kW,Oort,8,0,0.9538244251808484,0.0040593477897346,0,75.50041571616117,11.5,59.50795241362047,0.046,59.50795241362047,0.0,74.9,16.3,4427
evaluation,120.0kW,Oort,8,0,0.9018681477578844,0.0088021634146571,0,100.0,120.0,87.06481664879375,0.48,87.06481664879375,0.0,83.0,16.3,4427
evaluation,250.0kW,Oort,8,0,0.9552092694131712,0.0041310717351734,0,100.0,250.0,59.19581420772312,1.0,59.19581420772312,0.0,72.5,16.3,4427
training,1.9kW,Oort,9,0,0.0,0.0,0,54.60372604893611,1.9,0.0,0.0076,0.0,0.0,66.0,16.3,4435
training,2.8kW,Oort,9,1,0.863657534122467,0.0098851816728711,594,56.504558077261066,2.8,91.07261385132496,0.0111999999999999,91.07261385132496,0.2951295043264116,7.8,16.3,4435
training,7.7kW,Oort,9,0,0.0,0.0,0,68.58476520712686,7.7,0.0,0.0308,0.0,0.0,5.6,16.3,4435
training,11.5kW,Oort,9,1,0.9231536388397216,0.0047777811996638,594,77.35875254090469,11.5,64.55947719904478,0.046,64.55947719904478,0.2373525773119351,65.6,16.3,4435
training,120.0kW,Oort,9,1,0.5527756810188293,0.0308288969099521,594,100.0,120.0,162.93972123610695,0.48,162.93972123610695,0.2458154422732582,64.6,16.3,4435
training,250.0kW,Oort,9,1,0.9329670667648317,0.0044016437605023,594,100.0,250.0,61.10363904917828,1.0,61.10363904917828,0.2187232833062917,30.0,16.3,4435
evaluation,1.9kW,Oort,9,0,0.9583553652506648,0.0036236075684428,0,54.91300382671389,1.9,55.320499198865136,0.0076,55.320499198865136,0.0,75.8,16.3,5022
evaluation,2.8kW,Oort,9,0,0.9463011528433322,0.0047618700191378,0,56.96033585503884,2.8,63.20977464583888,0.0111999999999999,63.20977464583888,0.0,39.6,16.3,5022
evaluation,7.7kW,Oort,9,0,0.9554806168403284,0.0036538052372634,0,69.83815409601576,7.7,56.45723090586525,0.0308,56.45723090586525,0.0,7.2,16.3,5022
evaluation,11.5kW,Oort,9,0,0.959183300228178,0.0040039811283349,0,79.23069698534913,11.5,59.10073570768648,0.046,59.10073570768648,0.0,75.0,16.3,5022
evaluation,120.0kW,Oort,9,0,0.9101386132070806,0.0084083909168839,0,100.0,120.0,85.09507461284574,0.48,85.09507461284574,0.0,76.7,16.3,5022
evaluation,250.0kW,Oort,9,0,0.954711493005076,0.004185136873275,0,100.0,250.0,59.58191576748515,1.0,59.58191576748515,0.0,86.0,16.3,5022
training,1.9kW,Oort,10,0,0.0,0.0,0,55.22650382671389,1.9,0.0,0.0076,0.0,0.0,75.8,16.3,5030
training,2.8kW,Oort,10,1,0.8672228455543518,0.0096724135801196,594,57.37897809965381,2.8,90.08716139873006,0.0111999999999999,90.08716139873006,0.2627742750608078,7.5,16.3,5030
training,7.7kW,Oort,10,0,0.0,0.0,0,71.10865409601575,7.7,0.0,0.0308,0.0,0.0,7.2,16.3,5030
training,11.5kW,Oort,10,1,0.9249740242958068,0.0047384509816765,594,81.09506482506018,11.5,64.29320449760964,0.046,64.29320449760964,0.2008009714481753,79.9,16.3,5030
training,120.0kW,Oort,10,1,0.5724023580551147,0.0298254396766424,594,100.0,120.0,160.26600214171944,0.48,160.26600214171944,0.2626595196718022,81.0,16.3,5030
training,250.0kW,Oort,10,1,0.9339120984077454,0.0042358785867691,594,100.0,250.0,59.94202105634754,1.0,59.94202105634754,0.260774588957241,12.0,16.3,5030
evaluation,1.9kW,Oort,10,0,0.9556531773643222,0.0036330218426883,0,55.53630938226944,1.9,55.39231499479591,0.0076,55.39231499479591,0.0,92.5,16.3,5616
evaluation,2.8kW,Oort,10,0,0.941101222585874,0.0045082103461027,0,57.83553365520937,2.8,61.50317829315457,0.0111999999999999,61.50317829315457,0.0,24.1,16.3,5616
evaluation,7.7kW,Oort,10,0,0.9614558800957383,0.0036737599875777,0,72.36418187379353,7.7,56.61118765512181,0.0308,56.61118765512181,0.0,5.4,16.3,5616
evaluation,11.5kW,Oort,10,0,0.9626468645735968,0.0036728044506162,0,82.97020371394906,11.5,56.60382495310525,0.046,56.60382495310525,0.0,80.4,16.3,5616
evaluation,120.0kW,Oort,10,0,0.9044828532901632,0.0078890081495046,0,100.0,120.0,82.4250422761373,0.48,82.4250422761373,0.0,80.7,16.3,5616
evaluation,250.0kW,Oort,10,0,0.9611632099761988,0.003804194740951,0,100.0,250.0,56.8055802827422,1.0,56.8055802827422,0.0,76.2,16.3,5616
training,1.9kW,EAEL,1,1,0.0,0.0,22,50.01161111111111,1.9,0.0,0.6785714285714286,0.0,0.0,0.0,0.0,30
training,2.8kW,EAEL,1,1,0.0,0.0,2,50.00155555555556,2.8,0.0,1.0,0.0,0.0,0.0,0.0,30
evaluation,1.9kW,EAEL,1,0,0.894287540693823,0.0181752983480691,0,50.140388888888886,1.9,123.89571480944636,0.0076,123.89571480944636,0.0,6.7,13.6,274
evaluation,2.8kW,EAEL,1,0,0.8651807032289355,0.0200034547597169,0,50.19133333333333,2.8,129.55315023907792,0.0111999999999999,129.55315023907792,0.0,57.6,13.6,274
evaluation,7.7kW,EAEL,1,0,0.0,0.0,0,50.474833333333336,7.7,0.0,0.0308,0.0,0.0,0.0,0.0,274
evaluation,11.5kW,EAEL,1,0,0.0,0.0,0,50.64527777777778,11.5,0.0,0.046,0.0,0.0,0.0,0.0,274
evaluation,120.0kW,EAEL,1,0,0.0,0.0,0,56.06666666666666,120.0,0.0,0.48,0.0,0.0,0.0,0.0,274
evaluation,250.0kW,EAEL,1,0,0.0,0.0,0,61.25,250.0,0.0,1.0,0.0,0.0,0.0,0.0,274
training,1.9kW,EAEL,2,1,0.1889113634824752,0.0726495683193206,261,50.26324592851034,1.9,247.7034357237174,0.0076,247.7034357237174,0.2054201431522527,17.5,14.4,290
training,2.8kW,EAEL,2,1,0.2206060141324997,0.0833233222365379,261,50.37488005924594,2.8,264.4105396206826,0.0111999999999999,264.4105396206826,0.2683210218951695,22.4,14.4,290
training,7.7kW,EAEL,2,1,0.2472551614046096,0.072883240878582,239,50.96637381552293,7.7,252.15101126086387,0.0308,252.15101126086387,0.2960429460981085,0.2,14.5,290
training,11.5kW,EAEL,2,1,0.0185389928519725,0.0745316818356514,219,51.327205306613806,11.5,254.98658756770232,0.046,254.98658756770232,0.2902324026955498,0.2,14.5,290
training,120.0kW,EAEL,2,0,0.0,0.0,0,62.7,120.0,0.0,0.48,0.0,0.0,0.0,0.0,290
training,250.0kW,EAEL,2,0,0.0,0.0,0,73.68055555555556,250.0,0.0,1.0,0.0,0.0,0.0,0.0,290
evaluation,1.9kW,EAEL,2,0,0.9337868914995976,0.0070696240290999,0,50.57146815073256,1.9,77.27049074284875,0.0076,77.27049074284875,0.0,91.9,15.3,874
evaluation,2.8kW,EAEL,2,0,0.9126297371233804,0.0090502565726637,0,50.82910228146816,2.8,87.14167819610192,0.0111999999999999,87.14167819610192,0.0,89.4,15.3,874
evaluation,7.7kW,EAEL,2,0,0.9312939614796596,0.0069228699430823,0,52.21548492663404,7.7,77.71233577796727,0.0308,77.71233577796727,0.0,82.9,15.4,874
evaluation,11.5kW,EAEL,2,0,0.929947939540112,0.0073904101736843,0,53.19276086216936,11.5,80.29364020565136,0.046,80.29364020565136,0.0,81.2,15.3,874
evaluation,120.0kW,EAEL,2,0,0.8402703677579031,0.0156283657997846,0,82.16666666666666,120.0,116.01249317604442,0.48,116.01249317604442,0.0,7.7,15.4,874
evaluation,250.0kW,EAEL,2,0,0.9320024203092896,0.0079092346131801,0,100.0,250.0,81.90810141566311,1.0,81.90810141566311,0.0,50.7,15.4,874
training,1.9kW,EAEL,3,0,0.0,0.0,0,50.88391259517701,1.9,0.0,0.0076,0.0,0.0,91.9,15.3,883
training,2.8kW,EAEL,3,1,0.6781079173088074,0.0230336133390665,592,51.252950275028326,2.8,139.01975209956242,0.0111999999999999,139.01975209956242,0.2225459851070861,7.9,15.4,883
training,7.7kW,EAEL,3,0,0.0,0.0,0,53.481707148856266,7.7,0.0,0.0308,0.0,0.0,82.9,15.4,883
training,11.5kW,EAEL,3,1,0.8750080466270447,0.0098570575937628,592,55.0375351933465,11.5,92.73005626151968,0.046,92.73005626151968,0.2817777158146788,57.5,15.4,883
training,120.0kW,EAEL,3,1,0.2291307300329208,0.0528190955519676,592,100.0,120.0,213.27672161730564,0.48,213.27672161730564,0.2441165384059843,58.8,15.4,883
training,250.0kW,EAEL,3,1,0.8957520723342896,0.0099257193505764,592,100.0,250.0,91.75730002377074,1.0,91.75730002377074,0.2635163888469373,28.7,15.4,883
evaluation,1.9kW,EAEL,3,0,0.9378728279190004,0.0055927103385329,0,51.18949592851034,1.9,68.7268872874489,0.0076,68.7268872874489,0.0,72.7,15.4,1461
evaluation,2.8kW,EAEL,3,0,0.9255333642210316,0.0075250179506838,0,51.70328360836166,2.8,79.46012497868962,0.0111999999999999,79.46012497868962,0.0,22.6,15.4,1461
evaluation,7.7kW,EAEL,3,0,0.928262233449389,0.0056227939203381,0,54.72012381552293,7.7,70.03626213020303,0.0308,70.03626213020303,0.0,5.2,15.4,1461
evaluation,11.5kW,EAEL,3,0,0.9338651608524816,0.0064750188030302,0,56.88711852667984,11.5,75.15664643221024,0.046,75.15664643221024,0.0,52.8,15.4,1461
evaluation,120.0kW,EAEL,3,0,0.8727485936968464,0.013073481619358,0,100.0,120.0,106.10689513356448,0.48,106.10689513356448,0.0,74.8,15.4,1461
evaluation,250.0kW,EAEL,3,0,0.9432143058531908,0.0063114454969763,0,100.0,250.0,73.1684825577293,1.0,73.1684825577293,0.0,92.4,15.4,1461
training,1.9kW,EAEL,4,0,0.0,0.0,0,51.499301484065896,1.9,0.0,0.0076,0.0,0.0,72.7,15.4,1470
training,2.8kW,EAEL,4,1,0.7083826661109924,0.0188062470406293,587,52.12313185470448,2.8,125.6164575878588,0.0111999999999999,125.6164575878588,0.2251214875056488,7.8,15.4,1470
training,7.7kW,EAEL,4,0,0.0,0.0,0,55.97565159330071,7.7,0.0,0.0308,0.0,0.0,5.2,15.4,1470
training,11.5kW,EAEL,4,1,0.9002106189727783,0.0059865331277251,587,58.72152587097928,11.5,72.26609227825854,0.046,72.26609227825854,0.2498016363237034,63.5,15.4,1470
training,120.0kW,EAEL,4,1,0.3461134433746338,0.0468943305313587,587,100.0,120.0,200.9593171373689,0.48,200.9593171373689,0.2579762652837233,48.4,15.4,1470
training,250.0kW,EAEL,4,1,0.9103236198425292,0.0059247957542538,587,100.0,250.0,70.89185196751495,1.0,70.89185196751495,0.2357208179437065,17.8,15.4,1470
evaluation,1.9kW,EAEL,4,0,0.9478035859613012,0.0050793588161468,0,51.80488481739923,1.9,65.49678130354042,0.0076,65.49678130354042,0.0,86.3,15.4,2048
evaluation,2.8kW,EAEL,4,0,0.931593847249596,0.0063714124262332,0,52.573465188037815,2.8,73.11615296708109,0.0111999999999999,73.11615296708109,0.0,87.1,15.4,2048
evaluation,7.7kW,EAEL,4,0,0.948416580534932,0.00494334846735,0,57.21406825996738,7.7,65.6685594145599,0.0308,65.6685594145599,0.0,3.3,15.4,2048
evaluation,11.5kW,EAEL,4,0,0.9512368209232802,0.0055350642651319,0,60.57110920431261,11.5,69.48774368241818,0.046,69.48774368241818,0.0,4.3,15.4,2048
evaluation,120.0kW,EAEL,4,0,0.8905741774359804,0.0112539492547512,0,100.0,120.0,98.4465389691464,0.48,98.4465389691464,0.0,19.0,15.4,2048
evaluation,250.0kW,EAEL,4,0,0.9362937566652456,0.0054684849455952,0,100.0,250.0,68.10721796356589,1.0,68.10721796356589,0.0,97.0,15.4,2048
training,1.9kW,EAEL,5,0,0.0,0.0,0,52.11469037295478,1.9,0.0,0.0076,0.0,0.0,86.3,15.4,2056
training,2.8kW,EAEL,5,1,0.7426927089691162,0.0162300579249858,587,52.98660224889094,2.8,116.69587602956224,0.0111999999999999,116.69587602956224,0.2662803763692525,7.7,15.5,2056
training,7.7kW,EAEL,5,0,0.0,0.0,0,58.46959603774516,7.7,0.0,0.0308,0.0,0.0,3.3,15.4,2056
training,11.5kW,EAEL,5,1,0.900733768939972,0.0056118406355381,587,62.40107800996135,11.5,69.96801304492988,0.046,69.96801304492988,0.277022657009507,64.1,15.5,2056
training,120.0kW,EAEL,5,1,0.4146611392498016,0.0419027395546436,587,100.0,120.0,189.96307236046223,0.48,189.96307236046223,0.2018472379255649,57.9,15.5,2056
training,250.0kW,EAEL,5,1,0.9141230583190918,0.0052670827135443,587,100.0,250.0,66.84127099344826,1.0,66.84127099344826,0.2164066166938686,29.2,15.5,2056
evaluation,1.9kW,EAEL,5,0,0.9555188589450304,0.0046883523464202,0,52.420273706288114,1.9,62.92534899422541,0.0076,62.92534899422541,0.0,93.5,15.5,2635
evaluation,2.8kW,EAEL,5,0,0.9315408642594734,0.006029712036252,0,53.43693558222427,2.8,71.12851792557944,0.0111999999999999,71.12851792557944,0.0,66.8,15.5,2635
evaluation,7.7kW,EAEL,5,0,0.9536790400240056,0.004393973853439,0,59.70801270441182,7.7,61.91211072876382,0.0308,61.91211072876382,0.0,5.1,15.5,2635
evaluation,11.5kW,EAEL,5,0,0.951597599926602,0.004857369698584,0,64.25066134329468,11.5,65.09497369826656,0.046,65.09497369826656,0.0,32.4,15.5,2635
evaluation,120.0kW,EAEL,5,0,0.8936370820618222,0.0109440153464674,0,100.0,120.0,97.08146533778869,0.48,97.08146533778869,0.0,94.8,15.5,2635
evaluation,250.0kW,EAEL,5,0,0.9528447827358418,0.0050833094865083,0,100.0,250.0,65.66484235986063,1.0,65.66484235986063,0.0,84.9,15.5,2635
training,1.9kW,EAEL,6,0,0.0,0.0,0,52.72955148406589,1.9,0.0,0.0076,0.0,0.0,93.5,15.5,2643
training,2.8kW,EAEL,6,1,0.7539896368980408,0.0153122842311859,586,53.84401177038799,2.8,113.3484184180879,0.0111999999999999,113.3484184180879,0.2991906529191491,8.1,15.5,2643
training,7.7kW,EAEL,6,0,0.0,0.0,0,60.96140159330071,7.7,0.0,0.0308,0.0,0.0,5.1,15.5,2643
training,11.5kW,EAEL,6,1,0.9112441539764404,0.0052170110866427,586,66.07969219315169,11.5,67.4617737944928,0.046,67.4617737944928,0.2636330042913686,81.8,15.5,2643
training,120.0kW,EAEL,6,1,0.4629067182540893,0.0392869599163532,586,100.0,120.0,183.93830837703368,0.48,183.93830837703368,0.2480238019680399,46.7,15.5,2643
training,250.0kW,EAEL,6,1,0.9191957712173462,0.0051035480573773,586,100.0,250.0,65.7954307512141,1.0,65.7954307512141,0.2787855904561993,7.2,15.5,2643
evaluation,1.9kW,EAEL,6,0,0.9532256487252728,0.0043036644347012,0,53.035134817399225,1.9,60.28853239742766,0.0076,60.28853239742766,0.0,79.8,15.5,3221
evaluation,2.8kW,EAEL,6,0,0.938731775015662,0.0054202661849558,0,54.29434510372132,2.8,67.438170675696,0.0111999999999999,67.438170675696,0.0,67.2,15.5,3221
evaluation,7.7kW,EAEL,6,0,0.9559246461336512,0.0043589356355369,0,62.19981825996737,7.7,61.66476834688051,0.0308,61.66476834688051,0.0,5.2,15.5,3221
evaluation,11.5kW,EAEL,6,0,0.9534717344905256,0.0045962710864841,0,67.92927552648501,11.5,63.32128125615436,0.046,63.32128125615436,0.0,84.4,15.5,3221
evaluation,120.0kW,EAEL,6,0,0.898665750778786,0.0100429244339466,0,100.0,120.0,92.9989561001836,0.48,92.9989561001836,0.0,50.2,15.5,3221
evaluation,250.0kW,EAEL,6,0,0.9532158489615354,0.0047131343744695,0,100.0,250.0,63.22874200025174,1.0,63.22874200025174,0.0,96.7,15.5,3221
training,1.9kW,EAEL,7,0,0.0,0.0,0,53.34494037295478,1.9,0.0,0.0076,0.0,0.0,79.8,15.5,3229
training,2.8kW,EAEL,7,1,0.7871236205101013,0.0135976318269968,587,54.70493610289663,2.8,106.81373774113813,0.0111999999999999,106.81373774113813,0.2818950646829694,7.8,15.5,3229
training,7.7kW,EAEL,7,0,0.0,0.0,0,63.45534603774515,7.7,0.0,0.0308,0.0,0.0,5.2,15.5,3229
training,11.5kW,EAEL,7,1,0.9147399663925172,0.0050974208861589,587,69.76160816920576,11.5,66.68407377002451,0.046,66.68407377002451,0.2625255301623566,64.6,15.5,3229
training,120.0kW,EAEL,7,1,0.5040397047996521,0.03620320931077,587,100.0,120.0,176.57186810782224,0.48,176.57186810782224,0.2672994914679897,53.7,15.5,3229
training,250.0kW,EAEL,7,1,0.9260756373405457,0.0047651375643908,587,100.0,250.0,63.576607748105744,1.0,63.576607748105744,0.2462472831196996,37.3,15.5,3229
evaluation,1.9kW,EAEL,7,0,0.9562220918639732,0.0040395706892013,0,53.649995928510336,1.9,58.40945009878612,0.0076,58.40945009878612,0.0,88.3,15.5,3807
evaluation,2.8kW,EAEL,7,0,0.936678663059596,0.0053573385812342,0,55.15449165845218,2.8,67.04555973825602,0.0111999999999999,67.04555973825602,0.0,94.8,15.5,3807
evaluation,7.7kW,EAEL,7,0,0.9574719985559854,0.0039542359299957,0,64.69162381552293,7.7,58.73245643549565,0.0308,58.73245643549565,0.0,6.0,15.5,3807
evaluation,11.5kW,EAEL,7,0,0.9572342282748104,0.0042971177026629,0,71.60799705809464,11.5,61.2259455674164,0.046,61.2259455674164,0.0,6.0,15.5,3807
evaluation,120.0kW,EAEL,7,0,0.8995032856640117,0.00921715144068,0,100.0,120.0,89.09356512279992,0.48,89.09356512279992,0.0,58.1,15.5,3807
evaluation,250.0kW,EAEL,7,0,0.9580580803900776,0.0043056332506239,0,100.0,250.0,60.4335556966699,1.0,60.4335556966699,0.0,82.2,15.5,3807
training,1.9kW,EAEL,8,0,0.0,0.0,0,53.95927370628812,1.9,0.0,0.0076,0.0,0.0,88.3,15.5,3815
training,2.8kW,EAEL,8,1,0.7852687835693359,0.0131801888346672,586,55.56773316467188,2.8,105.16138323006469,0.0111999999999999,105.16138323006469,0.2613149788550853,7.7,15.5,3815
training,7.7kW,EAEL,8,0,0.0,0.0,0,65.94501270441182,7.7,0.0,0.0308,0.0,0.0,6.0,15.5,3815
training,11.5kW,EAEL,8,1,0.9254650473594666,0.0046538398601114,586,73.43853571337226,11.5,63.71660007413614,0.046,63.71660007413614,0.2543700358371014,65.4,15.5,3815
training,120.0kW,EAEL,8,1,0.5314769744873047,0.0342103503644466,586,100.0,120.0,171.64325319760056,0.48,171.64325319760056,0.2160732904503989,72.1,15.5,3815
training,250.0kW,EAEL,8,1,0.9329925775527954,0.0043568215332925,586,100.0,250.0,60.791731791598025,1.0,60.791731791598025,0.2967388245776411,32.6,15.5,3815
evaluation,1.9kW,EAEL,8,0,0.9581501731522212,0.0038796770386397,0,54.26485703962145,1.9,57.24180220285394,0.0076,57.24180220285394,0.0,76.3,15.5,4395
evaluation,2.8kW,EAEL,8,0,0.9407678982796358,0.0049797659739851,0,56.01806649800521,2.8,64.63979052463058,0.0111999999999999,64.63979052463058,0.0,53.9,15.5,4395
evaluation,7.7kW,EAEL,8,0,0.9508757261527656,0.0037706254515796,0,67.18342937107849,7.7,57.3526611103465,0.0308,57.3526611103465,0.0,5.1,15.5,4395
evaluation,11.5kW,EAEL,8,0,0.9573850496224314,0.0042135291732847,0,75.28811904670559,11.5,60.6275305079302,0.046,60.6275305079302,0.0,76.3,15.5,4395
evaluation,120.0kW,EAEL,8,0,0.9130525138955542,0.0087011605501174,0,100.0,120.0,86.56385069526645,0.48,86.56385069526645,0.0,77.6,15.5,4395
evaluation,250.0kW,EAEL,8,0,0.9546117740719632,0.0041926340200006,0,100.0,250.0,59.63525864586663,1.0,59.63525864586663,0.0,91.6,15.5,4395
training,1.9kW,EAEL,9,0,0.0,0.0,0,54.574662595177,1.9,0.0,0.0076,0.0,0.0,76.3,15.5,4403
training,2.8kW,EAEL,9,1,0.8087648153305054,0.0118757095187902,587,56.43903918483178,2.8,99.82176779639836,0.0111999999999999,99.82176779639836,0.2182254300244646,7.9,15.5,4403
training,7.7kW,EAEL,9,0,0.0,0.0,0,68.43895714885626,7.7,0.0,0.0308,0.0,0.0,5.1,15.5,4403
training,11.5kW,EAEL,9,1,0.9275862574577332,0.0045582721941173,587,77.12847453405776,11.5,63.05898903543727,0.046,63.05898903543727,0.2133223944330324,60.3,15.5,4403
training,120.0kW,EAEL,9,1,0.5430396795272827,0.0343551896512508,587,100.0,120.0,172.00621978470082,0.48,172.00621978470082,0.2794099517194475,58.9,15.5,4403
training,250.0kW,EAEL,9,1,0.9350194931030272,0.0042257201857864,587,100.0,250.0,59.87010202189165,1.0,59.87010202189165,0.2593329793735813,27.1,15.5,4403
evaluation,1.9kW,EAEL,9,0,0.9540266272345166,0.0038033472374081,0,54.88077370628812,1.9,56.67590975161029,0.0076,56.67590975161029,0.0,62.5,15.5,4982
evaluation,2.8kW,EAEL,9,0,0.9404301704172292,0.004837267100811,0,56.89015029594289,2.8,63.70822540722728,0.0111999999999999,63.70822540722728,0.0,33.0,15.5,4982
evaluation,7.7kW,EAEL,9,0,0.95633798488235,0.0035913323517888,0,69.67951270441182,7.7,55.97249614835074,0.0308,55.97249614835074,0.0,5.1,15.5,4982
evaluation,11.5kW,EAEL,9,0,0.9597668047451432,0.0039152316749095,0,78.98125231183553,11.5,58.44207254194046,0.046,58.44207254194046,0.0,79.8,15.5,4982
evaluation,120.0kW,EAEL,9,0,0.9066148220478304,0.0085882833227515,0,100.0,120.0,86.00053595775114,0.48,86.00053595775114,0.0,80.6,15.5,4982
evaluation,250.0kW,EAEL,9,0,0.958626843299232,0.0040676081553101,0,100.0,250.0,58.73935656158008,1.0,58.73935656158008,0.0,93.4,15.5,4982
training,1.9kW,EAEL,10,0,0.0,0.0,0,55.19110703962145,1.9,0.0,0.0076,0.0,0.0,62.5,15.5,4991
training,2.8kW,EAEL,10,1,0.8233039379119873,0.011230731382966,588,57.29868467791088,2.8,97.07323292888702,0.0111999999999999,97.07323292888702,0.2987690899918741,8.0,15.5,4991
training,7.7kW,EAEL,10,0,0.0,0.0,0,70.93717937107849,7.7,0.0,0.0308,0.0,0.0,5.1,15.5,4991
training,11.5kW,EAEL,10,1,0.9313617944717408,0.0044097118079662,588,80.82091655463975,11.5,62.0228873396764,0.046,62.0228873396764,0.2367495338517113,77.9,15.5,4991
training,120.0kW,EAEL,10,1,0.5787292718887329,0.0313077047467231,588,100.0,120.0,164.2001656655743,0.48,164.2001656655743,0.2154764798437948,75.1,15.5,4991
training,250.0kW,EAEL,10,1,0.937365174293518,0.0041157179512083,588,100.0,250.0,59.08570648347132,1.0,59.08570648347132,0.226601658863561,19.3,15.5,4991
evaluation,1.9kW,EAEL,10,0,0.96148161797904,0.0036012099590152,0,55.49721815073256,1.9,55.14926549099162,0.0076,55.14926549099162,0.0,70.0,16.2,5570
evaluation,2.8kW,EAEL,10,0,0.9486514311901564,0.004527292214334,0,57.74979578902199,2.8,61.633202871425055,0.0111999999999999,61.633202871425055,0.0,46.7,16.2,5570
evaluation,7.7kW,EAEL,10,0,0.960346632179069,0.0035802079364657,0,72.17773492663405,7.7,55.885739456712095,0.0308,55.885739456712095,0.0,7.3,16.2,5570
evaluation,11.5kW,EAEL,10,0,0.9593795998610684,0.0037717670202255,0,82.67369433241753,11.5,57.36134230207534,0.046,57.36134230207534,0.0,57.7,16.2,5570
evaluation,120.0kW,EAEL,10,0,0.9158931099562864,0.0080634346231818,0,100.0,120.0,83.3312719363518,0.48,83.3312719363518,0.0,79.7,16.2,5570
evaluation,250.0kW,EAEL,10,0,0.9597746678090612,0.0039193299598991,0,100.0,250.0,57.65879260368575,1.0,57.65879260368575,0.0,80.3,16.2,5570
